Date,benchmark,portfolio_1
2019-01-02 00:00:00-05:00,1.0,0.9999999999999999
2019-01-03 00:00:00-05:00,0.9761372200807932,0.9822684750447369
2019-01-04 00:00:00-05:00,1.0088337186938776,1.0095707222458123
2019-01-07 00:00:00-05:00,1.0167879347236721,1.0149396479849502
2019-01-08 00:00:00-05:00,1.0263410487616105,1.0192709770797268
2019-01-09 00:00:00-05:00,1.0311376768711298,1.012327759145556
2019-01-10 00:00:00-05:00,1.0347751253470914,1.0195086031048128
2019-01-11 00:00:00-05:00,1.0351748333703994,1.0234757125863607
2019-01-14 00:00:00-05:00,1.0288591302105572,1.0085607201336877
2019-01-15 00:00:00-05:00,1.0406509123876135,1.0265897604599368
2019-01-16 00:00:00-05:00,1.0431691915812948,1.024458571705371
2019-01-17 00:00:00-05:00,1.0510830676852543,1.028811483836654
2019-01-18 00:00:00-05:00,1.065072914415947,1.0312549742874373
2019-01-22 00:00:00-05:00,1.0506835574066806,1.0351572705184098
2019-01-23 00:00:00-05:00,1.0528821492796094,1.0416893702343533
2019-01-24 00:00:00-05:00,1.0534416350483822,1.0377699133430063
2019-01-25 00:00:00-05:00,1.0623550448702577,1.032562194737523
2019-01-28 00:00:00-05:00,1.0542812591910105,1.0273088487286988
2019-01-29 00:00:00-05:00,1.0528821492796094,1.0208358568423084
2019-01-30 00:00:00-05:00,1.0695499211196253,1.0260249710045986
2019-01-31 00:00:00-05:00,1.0789432574120987,1.035819337901005
2019-02-01 00:00:00-05:00,1.0794627987445056,1.0397607649722762
2019-02-04 00:00:00-05:00,1.0870574489320928,1.040221397792975
2019-02-05 00:00:00-05:00,1.091614278593592,1.0384963663560831
2019-02-06 00:00:00-05:00,1.0901752242458247,1.0341240110761138
2019-02-07 00:00:00-05:00,1.0797826838099926,1.0337121316278661
2019-02-08 00:00:00-05:00,1.0811017071039268,1.0442647662239575
2019-02-11 00:00:00-05:00,1.0817010713941544,1.0408599596593222
2019-02-12 00:00:00-05:00,1.095611292911761,1.0505675620254022
2019-02-13 00:00:00-05:00,1.0991683911106096,1.053215464185841
2019-02-14 00:00:00-05:00,1.0967303303642182,1.0525088378860399
2019-02-15 00:00:00-05:00,1.1086815607121816,1.056181625993095
2019-02-19 00:00:00-05:00,1.1106004756156354,1.056189863061062
2019-02-20 00:00:00-05:00,1.1128389460100188,1.060069857150019
2019-02-21 00:00:00-05:00,1.1088816783834816,1.0626738806109137
2019-02-22 00:00:00-05:00,1.1157568673120968,1.0732924013426013
2019-02-25 00:00:00-05:00,1.1172756787027736,1.07157810659369
2019-02-26 00:00:00-05:00,1.1164762626561573,1.071899206034042
2019-02-27 00:00:00-05:00,1.115996402100471,1.0753897431837167
2019-02-28 00:00:00-05:00,1.1139183686006673,1.0808112700120829
2019-03-01 00:00:00-05:00,1.1208730509125457,1.0869206660943398
2019-03-04 00:00:00-05:00,1.116795818147087,1.079330762714739
2019-03-05 00:00:00-05:00,1.1152768749265873,1.0742488603275269
2019-03-06 00:00:00-05:00,1.1085215193070708,1.0669541383601329
2019-03-07 00:00:00-05:00,1.0992486095578995,1.0619394927035402
2019-03-08 00:00:00-05:00,1.0970500176849707,1.0591665520332192
2019-03-11 00:00:00-04:00,1.1129586474892945,1.0604541765584048
2019-03-12 00:00:00-04:00,1.117155713563852,1.0625785239870742
2019-03-13 00:00:00-04:00,1.1245503119950506,1.0654296809700157
2019-03-14 00:00:00-04:00,1.1238309166509899,1.0605756004365885
2019-03-15 00:00:00-04:00,1.1293831933058924,1.0672621235778135
2019-03-18 00:00:00-04:00,1.1334782230974552,1.0687186324218185
2019-03-19 00:00:00-04:00,1.1337592842800714,1.0658603648494487
2019-03-20 00:00:00-04:00,1.130346737482132,1.0657644828399941
2019-03-21 00:00:00-04:00,1.143113664859851,1.07201445741818
2019-03-22 00:00:00-04:00,1.121112849360566,1.0664301914909926
2019-03-25 00:00:00-04:00,1.120269929472363,1.0704310960734125
2019-03-26 00:00:00-04:00,1.1286204259500678,1.0757027345416326
2019-03-27 00:00:00-04:00,1.1227189320940627,1.067548818596497
2019-03-28 00:00:00-04:00,1.126974530610028,1.0690359767692754
2019-03-29 00:00:00-04:00,1.134080685388523,1.0774687622472527
2019-04-01 00:00:00-04:00,1.1475297002703961,1.0793243584443935
2019-04-02 00:00:00-04:00,1.148091822635629,1.081253754150738
2019-04-02 00:00:00-04:00,1.148091822635629,1.081253754150738
2019-04-03 00:00:00-04:00,1.1498982867000718,1.0804913053473806
2019-04-04 00:00:00-04:00,1.1529496197830162,1.0806587327573298
2019-04-05 00:00:00-04:00,1.1585302398498616,1.0855665660482323
2019-04-08 00:00:00-04:00,1.159413367834077,1.0887143940404433
2019-04-09 00:00:00-04:00,1.1534714022224137,1.0856081129061197
2019-04-10 00:00:00-04:00,1.1574062587790424,1.0836544031031052
2019-04-11 00:00:00-04:00,1.157084857670591,1.084019094101031
2019-04-12 00:00:00-04:00,1.1649135717088983,1.088232668476212
2019-04-15 00:00:00-04:00,1.1641509361828966,1.089136673423801
2019-04-16 00:00:00-04:00,1.1649135717088983,1.0859486049853548
2019-04-17 00:00:00-04:00,1.1620632791060146,1.087272887195185
2019-04-18 00:00:00-04:00,1.1643514493436657,1.0867386380962538
2019-04-22 00:00:00-04:00,1.1653553334457403,1.0871110551145673
2019-04-23 00:00:00-04:00,1.1758338269261621,1.0897883341075416
2019-04-24 00:00:00-04:00,1.1732241237502368,1.094483166648157
2019-04-25 00:00:00-04:00,1.1725015644904244,1.0959919245661318
2019-04-26 00:00:00-04:00,1.1779614284394104,1.0959532466465443
2019-04-29 00:00:00-04:00,1.1798082324296884,1.0892600638120316
2019-04-30 00:00:00-04:00,1.18041043106111,1.0940389644550326
2019-05-01 00:00:00-04:00,1.171537888484362,1.0835591655099002
2019-05-02 00:00:00-04:00,1.1690086015004606,1.078022429183523
2019-05-03 00:00:00-04:00,1.1804505073272995,1.0843899851135088
2019-05-06 00:00:00-04:00,1.1755924465202663,1.0901021918958218
2019-05-07 00:00:00-04:00,1.1559607447699485,1.0837775013592978
2019-05-08 00:00:00-04:00,1.1543549256960979,1.0813360446698874
2019-05-09 00:00:00-04:00,1.1508620945359571,1.0821049149099067
2019-05-10 00:00:00-04:00,1.156643359593395,1.0937225045837669
2019-05-13 00:00:00-04:00,1.1275768610712729,1.0860372003105663
2019-05-14 00:00:00-04:00,1.1377740297094328,1.0896761216674935
2019-05-15 00:00:00-04:00,1.1444382909212625,1.0905308548244943
2019-05-16 00:00:00-04:00,1.155037672349367,1.0996827336992188
2019-05-17 00:00:00-04:00,1.1475703038558775,1.1012604174282024
2019-05-20 00:00:00-04:00,1.139982442904174,1.1011933525165651
2019-05-21 00:00:00-04:00,1.1502602913940043,1.107273527399708
2019-05-22 00:00:00-04:00,1.1467271203080285,1.1100154992689024
2019-05-23 00:00:00-04:00,1.1327158512310995,1.1085430148648723
2019-05-24 00:00:00-04:00,1.1352849508215437,1.1113723747673732
2019-05-28 00:00:00-04:00,1.1247263048087435,1.103227843668367
2019-05-29 00:00:00-04:00,1.1171786519530524,1.1058172642705018
2019-05-30 00:00:00-04:00,1.120229721376351,1.1151606703496533
2019-05-31 00:00:00-04:00,1.1051341520053228,1.1125578483446443
2019-06-03 00:00:00-04:00,1.1023240015835398,1.1166219739637766
2019-06-04 00:00:00-04:00,1.1262518395203927,1.1304838758239335
2019-06-05 00:00:00-04:00,1.1360075100813563,1.1486951193972905
2019-06-06 00:00:00-04:00,1.1433945942126444,1.1569349396250994
2019-06-07 00:00:00-04:00,1.154836763699129,1.166183683676378
2019-06-10 00:00:00-04:00,1.1601361907535355,1.159881460276043
2019-06-11 00:00:00-04:00,1.1598549977410961,1.1489911856027617
2019-06-12 00:00:00-04:00,1.1578076805900492,1.1544603420748376
2019-06-13 00:00:00-04:00,1.1625851933752351,1.1470928408810401
2019-06-14 00:00:00-04:00,1.1613002480905439,1.149957400033223
2019-06-17 00:00:00-04:00,1.161741877997563,1.1466457775671477
2019-06-18 00:00:00-04:00,1.1739066067438604,1.1526869419336605
2019-06-19 00:00:00-04:00,1.1765565180157977,1.1598475836961308
2019-06-20 00:00:00-04:00,1.1877973833625755,1.1665332597838756
2019-06-21 00:00:00-04:00,1.1860709400006881,1.164402798471952
2019-06-24 00:00:00-04:00,1.1846187026706219,1.1681384279791907
2019-06-25 00:00:00-04:00,1.1729998812213296,1.1625657724148646
2019-06-26 00:00:00-04:00,1.1718301552019326,1.1431219784325548
2019-06-27 00:00:00-04:00,1.1759852993927786,1.1498719508218278
2019-06-28 00:00:00-04:00,1.1820368155873473,1.1526850536356203
2019-07-01 00:00:00-04:00,1.1927677631787967,1.160110178183557
2019-07-02 00:00:00-04:00,1.1958739374681056,1.1749474585568627
2019-07-02 00:00:00-04:00,1.1958739374681056,1.1749474585568627
2019-07-03 00:00:00-04:00,1.2054356863594498,1.18737428662985
2019-07-05 00:00:00-04:00,1.2040638652214077,1.1849513013341657
2019-07-08 00:00:00-04:00,1.1974475900651464,1.1806444852655846
2019-07-09 00:00:00-04:00,1.198940167321048,1.1842066970170746
2019-07-10 00:00:00-04:00,1.2046687004492893,1.1915696956654256
2019-07-11 00:00:00-04:00,1.2074927589173978,1.1920206612457944
2019-07-12 00:00:00-04:00,1.2128987044687807,1.1924497739930044
2019-07-15 00:00:00-04:00,1.2133022355569554,1.1900708685944135
2019-07-16 00:00:00-04:00,1.2093889990912972,1.1823366147335685
2019-07-17 00:00:00-04:00,1.2011589950718058,1.181967330134692
2019-07-18 00:00:00-04:00,1.2055567061369552,1.1876553684690059
2019-07-19 00:00:00-04:00,1.1988597511290238,1.1741714117665352
2019-07-22 00:00:00-04:00,1.2018046975448147,1.1796731763570083
2019-07-23 00:00:00-04:00,1.2103973654073537,1.1775273981234653
2019-07-24 00:00:00-04:00,1.2160859540992286,1.1750120085504838
2019-07-25 00:00:00-04:00,1.210276609289494,1.1743618574690047
2019-07-26 00:00:00-04:00,1.218385461701657,1.1813620862297065
2019-07-29 00:00:00-04:00,1.216166370291253,1.180578904265604
2019-07-30 00:00:00-04:00,1.2131809521198038,1.1699025321342535
2019-07-31 00:00:00-04:00,1.1999083255410923,1.1573119575515785
2019-08-01 00:00:00-04:00,1.1894596256006662,1.1729369672595777
2019-08-02 00:00:00-04:00,1.1805033710863189,1.1862509615311556
2019-08-05 00:00:00-04:00,1.1450021270741941,1.1641716106483895
2019-08-06 00:00:00-04:00,1.161058208535533,1.1876427290422502
2019-08-07 00:00:00-04:00,1.1617443827642,1.1926010290517284
2019-08-08 00:00:00-04:00,1.1845381546487745,1.209261360704614
2019-08-09 00:00:00-04:00,1.1764692466729778,1.2160127720616256
2019-08-12 00:00:00-04:00,1.1621477820225516,1.203311096199716
2019-08-13 00:00:00-04:00,1.1802211234352955,1.2119561630550495
2019-08-14 00:00:00-04:00,1.1453249783106985,1.1849639772319838
2019-08-15 00:00:00-04:00,1.1483506045781597,1.1984300700683534
2019-08-16 00:00:00-04:00,1.1652946917271645,1.2057329309283717
2019-08-19 00:00:00-04:00,1.1793339087265675,1.219040815839672
2019-08-20 00:00:00-04:00,1.1702968425307267,1.207298712335944
2019-08-21 00:00:00-04:00,1.1798177241769436,1.2125170156814111
2019-08-22 00:00:00-04:00,1.179454664844427,1.2108654862018462
2019-08-23 00:00:00-04:00,1.1491575349246865,1.1937370061010386
2019-08-26 00:00:00-04:00,1.1618652707118826,1.2114197750301754
2019-08-27 00:00:00-04:00,1.1573067272626845,1.2145823992614546
2019-08-28 00:00:00-04:00,1.1654560514305052,1.2155288772143475
2019-08-29 00:00:00-04:00,1.180342275042624,1.2219832450170642
2019-08-30 00:00:00-04:00,1.1798177241769436,1.2232105782059652
2019-09-03 00:00:00-04:00,1.1729192013696592,1.2267143709877057
2019-09-04 00:00:00-04:00,1.186232431533852,1.236371958826418
2019-09-05 00:00:00-04:00,1.2014821099679565,1.2334005702814055
2019-09-06 00:00:00-04:00,1.2024095327726962,1.2362211049826095
2019-09-09 00:00:00-04:00,1.20301489531987,1.215795664156784
2019-09-10 00:00:00-04:00,1.2027323840092008,1.1851149112134625
2019-09-11 00:00:00-04:00,1.2112852392651965,1.1860876641220597
2019-09-12 00:00:00-04:00,1.215480591552055,1.193891282613955
2019-09-13 00:00:00-04:00,1.2146739248651743,1.1901009031571144
2019-09-16 00:00:00-04:00,1.2109220481028569,1.1899424814241935
2019-09-17 00:00:00-04:00,1.2139878824663304,1.2142616210612815
2019-09-18 00:00:00-04:00,1.2147140011313635,1.2182676236939491
2019-09-19 00:00:00-04:00,1.2146333212796934,1.2121907848697
2019-09-20 00:00:00-04:00,1.2088947690849048,1.2090727716890346
2019-09-23 00:00:00-04:00,1.2086109394760056,1.20963645477441
2019-09-24 00:00:00-04:00,1.1991271020100491,1.208559918520155
2019-09-25 00:00:00-04:00,1.2062198101465988,1.210574539454319
2019-09-26 00:00:00-04:00,1.2037067382309257,1.2159253519619493
2019-09-27 00:00:00-04:00,1.1972218974081863,1.2085686519475594
2019-09-30 00:00:00-04:00,1.2027745695525578,1.2075539606446353
2019-10-01 00:00:00-04:00,1.1884678698423066,1.1968421074359894
2019-10-02 00:00:00-04:00,1.167473970531025,1.177897019455834
2019-10-02 00:00:00-04:00,1.167473970531025,1.1778970194558338
2019-10-03 00:00:00-04:00,1.177039015167944,1.1847700910921974
2019-10-04 00:00:00-04:00,1.19296669438169,1.2080828448016119
2019-10-07 00:00:00-04:00,1.1878195307728379,1.1983317016157518
2019-10-08 00:00:00-04:00,1.1693789114732418,1.18327870891083
2019-10-09 00:00:00-04:00,1.180483860272516,1.1942411675523965
2019-10-10 00:00:00-04:00,1.1884678698423066,1.2005297521746363
2019-10-11 00:00:00-04:00,1.2007888169288479,1.1987801022119169
2019-10-14 00:00:00-04:00,1.199451535204429,1.1962836661302354
2019-10-15 00:00:00-04:00,1.2113262383401466,1.1970810029141001
2019-10-16 00:00:00-04:00,1.2093808256422718,1.196568563518381
2019-10-17 00:00:00-04:00,1.2129470860138183,1.2011551181331084
2019-10-18 00:00:00-04:00,1.2076380353823337,1.1998199563962724
2019-10-21 00:00:00-04:00,1.215824799219884,1.1942380821803624
2019-10-22 00:00:00-04:00,1.2118534258022868,1.1763139206949926
2019-10-23 00:00:00-04:00,1.215378950758529,1.1756580121349414
2019-10-24 00:00:00-04:00,1.2173652307015312,1.1822849158751285
2019-10-25 00:00:00-04:00,1.2223501117982816,1.168691839280808
2019-10-28 00:00:00-04:00,1.2292398020074256,1.1665441109145616
2019-10-29 00:00:00-04:00,1.228875292546856,1.1671617310110698
2019-10-30 00:00:00-04:00,1.2326443071861624,1.1779356829099246
2019-10-31 00:00:00-04:00,1.229361744593692,1.1799075173783484
2019-11-01 00:00:00-04:00,1.2407503911720423,1.1702155719379261
2019-11-04 00:00:00-05:00,1.2457354040986157,1.1566686908811794
2019-11-05 00:00:00-05:00,1.24435725512907,1.1505219473458865
2019-11-06 00:00:00-05:00,1.2446412165677923,1.158762501628128
2019-11-07 00:00:00-05:00,1.249018098520909,1.1374254601795049
2019-11-08 00:00:00-05:00,1.2520983023350885,1.1374653245016373
2019-11-11 00:00:00-05:00,1.249707173005682,1.1362144833473997
2019-11-12 00:00:00-05:00,1.2523413965286836,1.1423641079114721
2019-11-13 00:00:00-05:00,1.2527466414045572,1.1465583887634452
2019-11-14 00:00:00-05:00,1.2545703751758117,1.1450998948230795
2019-11-15 00:00:00-05:00,1.2636489677658946,1.1389906629023787
2019-11-18 00:00:00-05:00,1.2645810046144395,1.1442791100335374
2019-11-19 00:00:00-05:00,1.26421649515387,1.144448309768349
2019-11-20 00:00:00-05:00,1.2595147845169037,1.144721025646564
2019-11-21 00:00:00-05:00,1.2574886919673587,1.1374293095212027
2019-11-22 00:00:00-05:00,1.2602849343428157,1.139450132051879
2019-11-25 00:00:00-05:00,1.2700526014176714,1.1461446030854412
2019-11-26 00:00:00-05:00,1.2729300509640913,1.1557682926210788
2019-11-27 00:00:00-05:00,1.2786042702052605,1.15644273772933
2019-11-29 00:00:00-05:00,1.2738622196424592,1.1550288872190624
2019-12-02 00:00:00-05:00,1.263041100452084,1.148305232064953
2019-12-03 00:00:00-05:00,1.2545703751758117,1.1457681922467364
2019-12-04 00:00:00-05:00,1.2623112905520073,1.150879037843788
2019-12-05 00:00:00-05:00,1.2645810046144395,1.1548652048612253
2019-12-06 00:00:00-05:00,1.2761319337048915,1.161826624443133
2019-12-09 00:00:00-05:00,1.2721198248719898,1.1628424442619976
2019-12-10 00:00:00-05:00,1.2707006768274942,1.158988482999657
2019-12-11 00:00:00-05:00,1.274308068103814,1.161752012930608
2019-12-12 00:00:00-05:00,1.2852912061466446,1.1628637975420435
2019-12-13 00:00:00-05:00,1.2860616196322026,1.1685657827532625
2019-12-16 00:00:00-05:00,1.2948967225392218,1.1727215074565327
2019-12-17 00:00:00-05:00,1.295180420318298,1.1731635965390717
2019-12-18 00:00:00-05:00,1.2952617593190834,1.169636321195028
2019-12-19 00:00:00-05:00,1.3005706781207447,1.178172889677879
2019-12-20 00:00:00-05:00,1.3062728452843881,1.1798673178166574
2019-12-23 00:00:00-05:00,1.3082686169746454,1.1744427542956712
2019-12-24 00:00:00-05:00,1.3083093523899496,1.1764885653855206
2019-12-26 00:00:00-05:00,1.3152739219385523,1.1790371256798011
2019-12-27 00:00:00-05:00,1.3149479067862961,1.1805850000161324
2019-12-30 00:00:00-05:00,1.3076979256709182,1.1749868409041155
2019-12-31 00:00:00-05:00,1.310875024404996,1.1814749212664166
2020-01-02 00:00:00-05:00,1.310875024404996,1.1814749212664164
2020-01-03 00:00:00-05:00,1.3009489162569292,1.182738056157109
2020-01-06 00:00:00-05:00,1.3059117744183557,1.179750426953434
2020-01-07 00:00:00-05:00,1.3022401109456987,1.173325054545669
2020-01-08 00:00:00-05:00,1.3091805109625425,1.1743542905055928
2020-01-09 00:00:00-05:00,1.3180577030125407,1.18466841559063
2020-01-10 00:00:00-05:00,1.3142645737235217,1.1793276036592177
2020-01-13 00:00:00-05:00,1.3233033283701217,1.1852169811175275
2020-01-14 00:00:00-05:00,1.3212856897344645,1.1832437251460606
2020-01-15 00:00:00-05:00,1.3242716590824966,1.1899834375982326
2020-01-16 00:00:00-05:00,1.3352873025424907,1.1978489686197185
2020-01-17 00:00:00-05:00,1.3394433925881444,1.2068737041785962
2020-01-21 00:00:00-05:00,1.3368205146051517,1.2004501836163082
2020-01-22 00:00:00-05:00,1.3369822078101583,1.198972185427902
2020-01-23 00:00:00-05:00,1.338515419872819,1.2064603924855466
2020-01-24 00:00:00-05:00,1.3266117698693347,1.1994653945549043
2020-01-27 00:00:00-05:00,1.305347154284879,1.186994231238839
2020-01-28 00:00:00-05:00,1.31902616433332,1.1937038841983465
2020-01-29 00:00:00-05:00,1.3179363678045832,1.1875197969175662
2020-01-30 00:00:00-05:00,1.3222136624497896,1.1976328085341388
2020-01-31 00:00:00-05:00,1.298205094891193,1.182658606161753
2020-02-03 00:00:00-05:00,1.3078489582767239,1.191331673545686
2020-02-04 00:00:00-05:00,1.3277820211753608,1.2040711083952549
2020-02-05 00:00:00-05:00,1.3431157091028247,1.2053635979142245
2020-02-06 00:00:00-05:00,1.3476348905135178,1.2140998032199328
2020-02-07 00:00:00-05:00,1.3404523425143777,1.213752798813248
2020-02-10 00:00:00-05:00,1.3504590360481388,1.224925602427978
2020-02-11 00:00:00-05:00,1.3527996692685955,1.2303950419658436
2020-02-12 00:00:00-05:00,1.3615154293303962,1.230005848371274
2020-02-13 00:00:00-05:00,1.3600626720450246,1.2410554064514248
2020-02-14 00:00:00-05:00,1.3622417426688795,1.2535468825410192
2020-02-18 00:00:00-05:00,1.3587312499676107,1.249106951991833
2020-02-19 00:00:00-05:00,1.3652277120169118,1.2425637517198205
2020-02-20 00:00:00-05:00,1.3596188646858867,1.2322963043747484
2020-02-21 00:00:00-05:00,1.3456175130946695,1.2241582806783897
2020-02-24 00:00:00-05:00,1.3009891436455738,1.1969394542329717
2020-02-25 00:00:00-05:00,1.2615665639906286,1.1693545870901023
2020-02-26 00:00:00-05:00,1.2569263085887876,1.1675199865553465
2020-02-27 00:00:00-05:00,1.2004753969555202,1.1155170820572804
2020-02-28 00:00:00-05:00,1.1954318227999952,1.0859282225477025
2020-03-02 00:00:00-05:00,1.2472015986007534,1.1402455423830147
2020-03-03 00:00:00-05:00,1.2114911710239191,1.122655520853408
2020-03-04 00:00:00-05:00,1.2624140819286649,1.1626460102650682
2020-03-05 00:00:00-05:00,1.2204490790680158,1.1254506888173128
2020-03-06 00:00:00-05:00,1.2002734763618688,1.1051332632996547
2020-03-09 00:00:00-04:00,1.106539089525676,1.0272092629698182
2020-03-10 00:00:00-04:00,1.1637966386663112,1.0677705609969246
2020-03-11 00:00:00-04:00,1.1070632210536984,1.0042982422308986
2020-03-12 00:00:00-04:00,1.001142743538878,0.9067308305239765
2020-03-13 00:00:00-04:00,1.0867266434887703,0.9816032335193956
2020-03-16 00:00:00-04:00,0.9678130459627406,0.8521828184381833
2020-03-17 00:00:00-04:00,1.0200672483364956,0.9099004547547749
2020-03-18 00:00:00-04:00,0.9684182200058737,0.8562003049946538
2020-03-19 00:00:00-04:00,0.9704760860301759,0.8741551104922143
2020-03-20 00:00:00-04:00,0.9286542299810676,0.8490919355943012
2020-03-23 00:00:00-04:00,0.9049102097461715,0.8070890815546591
2020-03-24 00:00:00-04:00,0.9868980031855203,0.8951430653062048
2020-03-25 00:00:00-04:00,1.0016721647072906,0.8938117145113489
2020-03-26 00:00:00-04:00,1.060159522586491,0.9501278163777772
2020-03-27 00:00:00-04:00,1.0285819367592755,0.927730295913409
2020-03-30 00:00:00-04:00,1.0619859505176816,0.9536615802511442
2020-03-31 00:00:00-04:00,1.04615666899862,0.9300265874917947
2020-04-01 00:00:00-04:00,0.9990743635379983,0.8960310007651605
2020-04-02 00:00:00-04:00,1.022128379570915,0.9070965024429862
2020-04-02 00:00:00-04:00,1.022128379570915,0.9070965024429861
2020-04-03 00:00:00-04:00,1.0073544139617518,0.9032475760241002
2020-04-06 00:00:00-04:00,1.0750147266233718,0.9581671431275691
2020-04-07 00:00:00-04:00,1.0761105311387242,0.961483350861105
2020-04-08 00:00:00-04:00,1.1122340077953918,0.9959978611012841
2020-04-09 00:00:00-04:00,1.129159420350818,1.0326757324976985
2020-04-13 00:00:00-04:00,1.11884984592658,1.0165168799202209
2020-04-14 00:00:00-04:00,1.1518480593716134,1.0395023854179786
2020-04-15 00:00:00-04:00,1.1273730891998675,1.0043269175145821
2020-04-16 00:00:00-04:00,1.1328118843879855,1.0031600007073385
2020-04-17 00:00:00-04:00,1.16341539273302,1.0413631855331404
2020-04-20 00:00:00-04:00,1.142918623959739,1.0197666150852007
2020-04-21 00:00:00-04:00,1.108215579008282,0.9909665378516117
2020-04-22 00:00:00-04:00,1.1328118843879855,1.01624739152512
2020-04-23 00:00:00-04:00,1.1327309071770775,1.0059094913516475
2020-04-24 00:00:00-04:00,1.1485197653948875,1.022112830190386
2020-04-27 00:00:00-04:00,1.1650796050255852,1.0463080143623071
2020-04-28 00:00:00-04:00,1.1597219176567797,1.0558969309627044
2020-04-29 00:00:00-04:00,1.1900815801102569,1.0708763941251176
2020-04-30 00:00:00-04:00,1.1790012854899412,1.0331907344223228
2020-05-01 00:00:00-04:00,1.1477890113706446,0.9933521395620845
2020-05-04 00:00:00-04:00,1.150955089708745,0.9869880047357873
2020-05-05 00:00:00-04:00,1.1615889648018292,0.9917792841421913
2020-05-06 00:00:00-04:00,1.1537151065166629,0.9784254891548726
2020-05-07 00:00:00-04:00,1.1676365257642094,1.0011325257679589
2020-05-08 00:00:00-04:00,1.1869562515944203,1.0259143634532057
2020-05-11 00:00:00-04:00,1.1872002280943819,1.0105637830802139
2020-05-12 00:00:00-04:00,1.1635371197661912,0.9820888041620617
2020-05-13 00:00:00-04:00,1.1429593737820025,0.9626831665142471
2020-05-14 00:00:00-04:00,1.1566370777463968,0.9816771204382042
2020-05-15 00:00:00-04:00,1.161954407118153,0.9790351212600725
2020-05-18 00:00:00-04:00,1.1973473256631848,1.015633623949901
2020-05-19 00:00:00-04:00,1.185048977060726,1.0017247203637298
2020-05-20 00:00:00-04:00,1.205180695342897,1.017639626373998
2020-05-21 00:00:00-04:00,1.1968600257052848,1.0080930059078783
2020-05-22 00:00:00-04:00,1.1991330037721122,1.0093944770377907
2020-05-26 00:00:00-04:00,1.2139069040770731,1.0223163128376511
2020-05-27 00:00:00-04:00,1.2319687403617106,1.0430500820625686
2020-05-28 00:00:00-04:00,1.229695892903288,1.0355172818691185
2020-05-29 00:00:00-04:00,1.23517517669686,1.0411014014418234
2020-06-01 00:00:00-04:00,1.2401672911409372,1.0455116868679817
2020-06-02 00:00:00-04:00,1.2504361157429116,1.050040925648829
2020-06-03 00:00:00-04:00,1.267077455018136,1.0655300667045717
2020-06-04 00:00:00-04:00,1.2637487692161962,1.080432901629789
2020-06-05 00:00:00-04:00,1.2961384781037766,1.09974889103558
2020-06-08 00:00:00-04:00,1.3118052174632011,1.1179677962342802
2020-06-09 00:00:00-04:00,1.302023562210722,1.1045916209865183
2020-06-10 00:00:00-04:00,1.294758339091413,1.079189972028294
2020-06-11 00:00:00-04:00,1.2201168112864835,1.0075570994677618
2020-06-12 00:00:00-04:00,1.2347284959528189,1.0270935168918058
2020-06-15 00:00:00-04:00,1.246255471317176,1.037949376834873
2020-06-16 00:00:00-04:00,1.2702430109226177,1.051724561970796
2020-06-17 00:00:00-04:00,1.2649668231983389,1.0413791079286987
2020-06-18 00:00:00-04:00,1.2654537313310248,1.0381199878093295
2020-06-19 00:00:00-04:00,1.258221813354912,1.038212215132297
2020-06-22 00:00:00-04:00,1.2662936739815889,1.0389541775019644
2020-06-23 00:00:00-04:00,1.2721229882997316,1.0382543010009078
2020-06-24 00:00:00-04:00,1.2396730689375886,1.0141286826496014
2020-06-25 00:00:00-04:00,1.2529628659400525,1.0189479746107633
2020-06-26 00:00:00-04:00,1.2232029572809133,1.000261162001829
2020-06-29 00:00:00-04:00,1.2411813347949534,1.0184490962732755
2020-06-30 00:00:00-04:00,1.2570802958979177,1.0323591270861463
2020-07-01 00:00:00-04:00,1.2658857839337407,1.0300789289176318
2020-07-02 00:00:00-04:00,1.2728571381424962,1.037045664585416
2020-07-02 00:00:00-04:00,1.2728571381424962,1.037045664585416
2020-07-06 00:00:00-04:00,1.2925063889777408,1.0469528279430313
2020-07-07 00:00:00-04:00,1.2791759727614187,1.0317252731727675
2020-07-08 00:00:00-04:00,1.2889597177483725,1.0357853937025998
2020-07-09 00:00:00-04:00,1.281621745747651,1.0172788897020155
2020-07-10 00:00:00-04:00,1.2947079242472026,1.0332312276536202
2020-07-13 00:00:00-04:00,1.2834971518306009,1.0217854542052356
2020-07-14 00:00:00-04:00,1.3001298709511158,1.0297244905574252
2020-07-15 00:00:00-04:00,1.3120742707768636,1.057981053762103
2020-07-16 00:00:00-04:00,1.3077533529244905,1.0489109300695514
2020-07-17 00:00:00-04:00,1.3115447843042485,1.0513662940519244
2020-07-20 00:00:00-04:00,1.3221437869532802,1.0492411225558993
2020-07-21 00:00:00-04:00,1.3249564389482882,1.0574096285526242
2020-07-22 00:00:00-04:00,1.3324984212771365,1.0639097386669827
2020-07-23 00:00:00-04:00,1.3165994601741722,1.065066250446812
2020-07-24 00:00:00-04:00,1.3081201013248613,1.0541321489843483
2020-07-27 00:00:00-04:00,1.3176598698118536,1.0602922888763362
2020-07-28 00:00:00-04:00,1.3093024992125235,1.0543403764412043
2020-07-29 00:00:00-04:00,1.3254053400352093,1.0642235456546763
2020-07-30 00:00:00-04:00,1.3206764015265835,1.0598583684802696
2020-07-31 00:00:00-04:00,1.3311124048865617,1.0638043891944124
2020-08-03 00:00:00-04:00,1.3403667940093056,1.05688680415826
2020-08-04 00:00:00-04:00,1.345543980562829,1.0634341189696568
2020-08-05 00:00:00-04:00,1.3539010899453496,1.0606680887134936
2020-08-06 00:00:00-04:00,1.3629509463063487,1.0440772521351906
2020-08-07 00:00:00-04:00,1.363929595082694,1.0506450550959687
2020-08-10 00:00:00-04:00,1.3680064058267007,1.0594646141744923
2020-08-11 00:00:00-04:00,1.3567138725487626,1.0588620549670047
2020-08-12 00:00:00-04:00,1.3756298878000754,1.0614613778106783
2020-08-13 00:00:00-04:00,1.37314310377477,1.0542613305618407
2020-08-14 00:00:00-04:00,1.3731835923802238,1.0539165602922995
2020-08-17 00:00:00-04:00,1.377545782488479,1.0625754553643694
2020-08-18 00:00:00-04:00,1.3805219562061595,1.0584881706114255
2020-08-19 00:00:00-04:00,1.374773619098925,1.0462727477896723
2020-08-20 00:00:00-04:00,1.3790540483458438,1.0454549757824088
2020-08-21 00:00:00-04:00,1.3839462473603326,1.045190509485816
2020-08-24 00:00:00-04:00,1.3979698023803473,1.0633728181842692
2020-08-25 00:00:00-04:00,1.402862001394836,1.0693285645440354
2020-08-26 00:00:00-04:00,1.4169263062371138,1.0665843645184898
2020-08-27 00:00:00-04:00,1.4200243375963706,1.077366900969712
2020-08-28 00:00:00-04:00,1.4291969658577786,1.0960376350150123
2020-08-31 00:00:00-04:00,1.4240196486958503,1.091818772083643
2020-09-01 00:00:00-04:00,1.4374319563819136,1.08917730440534
2020-09-02 00:00:00-04:00,1.4582231164993666,1.1093304312113432
2020-09-03 00:00:00-04:00,1.4080391879483594,1.0913204900877227
2020-09-04 00:00:00-04:00,1.3965429055591045,1.089972760519585
2020-09-08 00:00:00-04:00,1.3583855295203953,1.0733362551085364
2020-09-09 00:00:00-04:00,1.3852100142841173,1.082261065237923
2020-09-10 00:00:00-04:00,1.3611576929099491,1.0630458915692196
2020-09-11 00:00:00-04:00,1.3618504398884272,1.0661397248051965
2020-09-14 00:00:00-04:00,1.3797879369717994,1.0859682237740278
2020-09-15 00:00:00-04:00,1.3867590299637456,1.0829820377383363
2020-09-16 00:00:00-04:00,1.3812555836153055,1.0905967636794158
2020-09-17 00:00:00-04:00,1.3691070428530268,1.0812048039166318
2020-09-18 00:00:00-04:00,1.3533449593581781,1.0637729585800269
2020-09-21 00:00:00-04:00,1.3382826756956607,1.0433979461495484
2020-09-22 00:00:00-04:00,1.3519124463755336,1.0457481541339
2020-09-23 00:00:00-04:00,1.320560290654814,1.02908516638092
2020-09-24 00:00:00-04:00,1.3240800565528157,1.028685069334249
2020-09-25 00:00:00-04:00,1.3454865128647653,1.0411631658884406
2020-09-28 00:00:00-04:00,1.3678342639493186,1.0559847466280132
2020-09-29 00:00:00-04:00,1.360384882979396,1.0484187043627389
2020-09-30 00:00:00-04:00,1.3706994205230123,1.048593948372417
2020-10-01 00:00:00-04:00,1.3794990311806241,1.0488145627867698
2020-10-02 00:00:00-04:00,1.3664017509666742,1.0527033239238
2020-10-02 00:00:00-04:00,1.3664017509666742,1.0527033239238
2020-10-05 00:00:00-04:00,1.3906319609880307,1.0691860800789361
2020-10-06 00:00:00-04:00,1.3708629422456846,1.0580838695324195
2020-10-07 00:00:00-04:00,1.3947250977826233,1.0755874954745877
2020-10-08 00:00:00-04:00,1.4070856159857146,1.0931236338122843
2020-10-09 00:00:00-04:00,1.4196511893841701,1.0912145984227037
2020-10-12 00:00:00-04:00,1.4424900280703596,1.0968405665238572
2020-10-13 00:00:00-04:00,1.4330761660854885,1.0877241117471275
2020-10-14 00:00:00-04:00,1.4240716308409171,1.0823703222706056
2020-10-15 00:00:00-04:00,1.4223116825877138,1.0794316291987969
2020-10-16 00:00:00-04:00,1.4214521486764462,1.0773266905142487
2020-10-19 00:00:00-04:00,1.3998411596027516,1.0730735743171282
2020-10-20 00:00:00-04:00,1.4054488314581344,1.0775155570417612
2020-10-21 00:00:00-04:00,1.4027882076461862,1.0790041971167867
2020-10-22 00:00:00-04:00,1.4104831324169262,1.097274881097187
2020-10-23 00:00:00-04:00,1.4152718895749006,1.1004200964284372
2020-10-26 00:00:00-04:00,1.389117556535645,1.0806435367063132
2020-10-27 00:00:00-04:00,1.3843289299860757,1.0718799571448
2020-10-28 00:00:00-04:00,1.337013945652498,1.0337620977495048
2020-10-29 00:00:00-04:00,1.350602705293298,1.0423565066011538
2020-10-30 00:00:00-04:00,1.3365227274424576,1.0498181806414029
2020-11-02 00:00:00-05:00,1.3515031196352338,1.065059783527229
2020-11-03 00:00:00-05:00,1.3753652751721726,1.0861929994052855
2020-11-04 00:00:00-05:00,1.4061037019992524,1.0743629127724936
2020-11-05 00:00:00-05:00,1.4335263732564563,1.0979025803183098
2020-11-06 00:00:00-05:00,1.4331991992027067,1.0955317679329561
2020-11-09 00:00:00-05:00,1.4512081390834446,1.1603839075590228
2020-11-10 00:00:00-05:00,1.4490797445206094,1.1653861613673127
2020-11-11 00:00:00-05:00,1.4598443586267886,1.1576814544174518
2020-11-12 00:00:00-05:00,1.445682619914612,1.140392330393644
2020-11-13 00:00:00-05:00,1.465697443674585,1.1742418820785459
2020-11-16 00:00:00-05:00,1.483993069003618,1.1966884615222662
2020-11-17 00:00:00-05:00,1.4760115893929868,1.1911839291615536
2020-11-18 00:00:00-05:00,1.4582481933130673,1.1699892988586127
2020-11-19 00:00:00-05:00,1.4643878332007543,1.1712822527629856
2020-11-20 00:00:00-05:00,1.454359719888624,1.1603899066703602
2020-11-23 00:00:00-05:00,1.4630778309017094,1.1686044514701872
2020-11-24 00:00:00-05:00,1.4866534315987572,1.195260277176211
2020-11-25 00:00:00-05:00,1.4843612540964406,1.1907272841063703
2020-11-27 00:00:00-05:00,1.4884952713217015,1.1946232738568379
2020-11-30 00:00:00-05:00,1.4819055548714515,1.187511778983083
2020-12-01 00:00:00-05:00,1.4981137966767224,1.2078561278612037
2020-12-02 00:00:00-05:00,1.5012653774819023,1.2077019020984363
2020-12-03 00:00:00-05:00,1.5008560507416022,1.2200807432991347
2020-12-04 00:00:00-05:00,1.5137899398412846,1.242575300364884
2020-12-07 00:00:00-05:00,1.5106791088583684,1.2377003855891036
2020-12-08 00:00:00-05:00,1.5150994197067107,1.2416201388062547
2020-12-09 00:00:00-05:00,1.50151092128272,1.2373295459343048
2020-12-10 00:00:00-05:00,1.5010198336810843,1.245241705033809
2020-12-11 00:00:00-05:00,1.4992596242110714,1.2285016993332674
2020-12-14 00:00:00-05:00,1.492547266468817,1.2210736709404504
2020-12-15 00:00:00-05:00,1.5127258731682718,1.23808900828353
2020-12-16 00:00:00-05:00,1.5150994197067107,1.2344842460996301
2020-12-17 00:00:00-05:00,1.5235719869189779,1.2402568346214065
2020-12-18 00:00:00-05:00,1.5174887698621171,1.233845796015856
2020-12-21 00:00:00-05:00,1.5120629049060634,1.2216519607326193
2020-12-22 00:00:00-05:00,1.509514473713744,1.2056643731358923
2020-12-23 00:00:00-05:00,1.5108711032132633,1.217016879456048
2020-12-24 00:00:00-05:00,1.5167487426411415,1.2199534646654482
2020-12-28 00:00:00-05:00,1.5297788901350804,1.2247718741906635
2020-12-29 00:00:00-05:00,1.5268604453322732,1.2201960469809743
2020-12-30 00:00:00-05:00,1.5290388629141047,1.224885139925389
2020-12-31 00:00:00-05:00,1.5368077120419,1.2513834605767624
2021-01-04 00:00:00-05:00,1.5368077120419,1.2513834605767622
2021-01-05 00:00:00-05:00,1.5473922544624643,1.2623090390569904
2021-01-06 00:00:00-05:00,1.5566435499806848,1.293406858015748
2021-01-07 00:00:00-05:00,1.5797711267209664,1.3029028207393751
2021-01-08 00:00:00-05:00,1.5887725625803604,1.3045291455169332
2021-01-11 00:00:00-05:00,1.578062759302748,1.2991782483969112
2021-01-12 00:00:00-05:00,1.5783960379255704,1.3064462620606194
2021-01-13 00:00:00-05:00,1.582646565168806,1.3070807318421966
2021-01-14 00:00:00-05:00,1.5771042356831166,1.3159181781564466
2021-01-15 00:00:00-05:00,1.565603011535973,1.317447938367695
2021-01-19 00:00:00-05:00,1.5778959213747557,1.3282756007514778
2021-01-20 00:00:00-05:00,1.5997320931057453,1.3353327194377984
2021-01-21 00:00:00-05:00,1.6011903360430293,1.3271907723665217
2021-01-22 00:00:00-05:00,1.5955234077555616,1.31640977807046
2021-01-25 00:00:00-05:00,1.6018155810398382,1.3245361703961058
2021-01-26 00:00:00-05:00,1.5993153955189268,1.331559300369873
2021-01-27 00:00:00-05:00,1.560227387567222,1.3058685697889851
2021-01-28 00:00:00-05:00,1.57364539413152,1.2960097280768528
2021-01-29 00:00:00-05:00,1.5421418913507612,1.2898103650047266
2021-02-01 00:00:00-05:00,1.567811230682898,1.3020634538513824
2021-02-02 00:00:00-05:00,1.5899806810367103,1.3125506682814818
2021-02-03 00:00:00-05:00,1.59123090620822,1.3117846070044605
2021-02-04 00:00:00-05:00,1.6093164024246807,1.3303341082780342
2021-02-05 00:00:00-05:00,1.6156504176020088,1.3484033389415886
2021-02-08 00:00:00-05:00,1.6273187444992527,1.3610324834930858
2021-02-09 00:00:00-05:00,1.6262350924336275,1.3555502480362895
2021-02-10 00:00:00-05:00,1.6255266932949304,1.3458947365183638
2021-02-11 00:00:00-05:00,1.628152007261836,1.3311839279115096
2021-02-12 00:00:00-05:00,1.6361946546794908,1.3313286620408906
2021-02-16 00:00:00-05:00,1.6347775915799891,1.3324252118872228
2021-02-17 00:00:00-05:00,1.6351527120958638,1.3396582746106045
2021-02-18 00:00:00-05:00,1.628193716743834,1.341352268181532
2021-02-19 00:00:00-05:00,1.625318410707048,1.3359335823648857
2021-02-22 00:00:00-05:00,1.6128166886361672,1.3372401752860361
2021-02-23 00:00:00-05:00,1.614775577768482,1.3455001459538158
2021-02-24 00:00:00-05:00,1.632568842788848,1.3531118805580544
2021-02-25 00:00:00-05:00,1.5932311075893704,1.326687959790544
2021-02-26 00:00:00-05:00,1.5850217546547773,1.311202342018997
2021-03-01 00:00:00-05:00,1.6234429405387296,1.3340051310036556
2021-03-02 00:00:00-05:00,1.6107750425951264,1.3307644233903644
2021-03-03 00:00:00-05:00,1.5894391198260056,1.320999507021098
2021-03-04 00:00:00-05:00,1.5697703846373205,1.303763874192213
2021-03-05 00:00:00-05:00,1.5986484410401198,1.339405598853693
2021-03-08 00:00:00-05:00,1.590689080175407,1.353655935050358
2021-03-09 00:00:00-05:00,1.6134003565620318,1.3530744848316199
2021-03-10 00:00:00-05:00,1.6234429405387296,1.3543629474028906
2021-03-11 00:00:00-05:00,1.639903488300968,1.3538636081793463
2021-03-12 00:00:00-05:00,1.642111839858947,1.3652607783780066
2021-03-15 00:00:00-04:00,1.6519046965878723,1.3851204105592414
2021-03-16 00:00:00-04:00,1.6498209438316715,1.3945444958256978
2021-03-17 00:00:00-04:00,1.6554469571034651,1.4070466068402376
2021-03-18 00:00:00-04:00,1.6313607243324986,1.3951694182350332
2021-03-19 00:00:00-04:00,1.6283420171242715,1.3937338746528518
2021-03-22 00:00:00-04:00,1.6413445178012367,1.391330774085133
2021-03-23 00:00:00-04:00,1.6284259657324835,1.3684428973821807
2021-03-24 00:00:00-04:00,1.62014775904983,1.3569867144702716
2021-03-25 00:00:00-04:00,1.6292620091271999,1.3772432814152433
2021-03-26 00:00:00-04:00,1.6555173997841728,1.4093770109637462
2021-03-29 00:00:00-04:00,1.6546812239784026,1.4106928470038191
2021-03-30 00:00:00-04:00,1.6502914003063986,1.4055309124702013
2021-03-31 00:00:00-04:00,1.6569804095193996,1.4012290163192815
2021-04-01 00:00:00-04:00,1.674874306940777,1.4272781853364078
2021-04-05 00:00:00-04:00,1.674874306940777,1.4272781853364076
2021-04-06 00:00:00-04:00,1.6738850943884793,1.4304498793791947
2021-04-07 00:00:00-04:00,1.6758221391316233,1.4220039142537828
2021-04-08 00:00:00-04:00,1.6837769588366196,1.4237060741144514
2021-04-09 00:00:00-04:00,1.6960183662682389,1.4198599225189095
2021-04-12 00:00:00-04:00,1.6966368525539062,1.4193419089716304
2021-04-13 00:00:00-04:00,1.7016650233512074,1.4286418828125542
2021-04-14 00:00:00-04:00,1.6958534975095225,1.4251028951062619
2021-04-15 00:00:00-04:00,1.714071299541543,1.441618331279752
2021-04-16 00:00:00-04:00,1.719800195197743,1.4552418939883833
2021-04-19 00:00:00-04:00,1.7113507692165977,1.453454592414719
2021-04-20 00:00:00-04:00,1.6988211351664153,1.44227626669366
2021-04-21 00:00:00-04:00,1.7148955127977064,1.4591193373366833
2021-04-22 00:00:00-04:00,1.6992336334067504,1.4410747313635102
2021-04-23 00:00:00-04:00,1.7176571624092671,1.4522352268883367
2021-04-26 00:00:00-04:00,1.7212431558144092,1.458415791136331
2021-04-27 00:00:00-04:00,1.7208719073981076,1.4545724794150565
2021-04-28 00:00:00-04:00,1.7203773011219587,1.4400631602135168
2021-04-29 00:00:00-04:00,1.7313408777704635,1.4611724103957855
2021-04-30 00:00:00-04:00,1.7199650639564592,1.4536401663684666
2021-05-03 00:00:00-04:00,1.7236748068337018,1.46976658742898
2021-05-04 00:00:00-04:00,1.713040837165212,1.456760078025028
2021-05-05 00:00:00-04:00,1.713576693265394,1.4607884212628233
2021-05-06 00:00:00-04:00,1.7272606697014263,1.4799042161998246
2021-05-07 00:00:00-04:00,1.7398315535756423,1.4920474237854675
2021-05-10 00:00:00-04:00,1.7226029640959195,1.4926498926608713
2021-05-11 00:00:00-04:00,1.707229311323527,1.483563129388903
2021-05-12 00:00:00-04:00,1.6709587065556202,1.4558585813763014
2021-05-13 00:00:00-04:00,1.6910313147575529,1.4819603776241193
2021-05-14 00:00:00-04:00,1.7169974262995662,1.503782553297231
2021-05-17 00:00:00-04:00,1.7126285999997124,1.5196045492948476
2021-05-18 00:00:00-04:00,1.697873172438151,1.4985747212323064
2021-05-19 00:00:00-04:00,1.693421715952812,1.487441638943186
2021-05-20 00:00:00-04:00,1.7116395179848325,1.504845221764839
2021-05-21 00:00:00-04:00,1.7102381988044533,1.5041464601771346
2021-05-24 00:00:00-04:00,1.7276730374043436,1.5136427156596353
2021-05-25 00:00:00-04:00,1.7238395450550001,1.5059116935917596
2021-05-26 00:00:00-04:00,1.7272606697014263,1.508921548250179
2021-05-27 00:00:00-04:00,1.728167121530821,1.5134326569601684
2021-05-28 00:00:00-04:00,1.7312585086598145,1.5216070186542634
2021-06-01 00:00:00-04:00,1.729733831619588,1.5199640527088023
2021-06-02 00:00:00-04:00,1.732453709257444,1.5305428598856607
2021-06-03 00:00:00-04:00,1.7260239582049275,1.5212747764887178
2021-06-04 00:00:00-04:00,1.741810109217655,1.5274008885325865
2021-06-07 00:00:00-04:00,1.740120171806459,1.525147936873213
2021-06-08 00:00:00-04:00,1.7404908980730895,1.5250784376128554
2021-06-09 00:00:00-04:00,1.7378943782950804,1.5234384094863545
2021-06-10 00:00:00-04:00,1.7459728169347597,1.522930422170351
2021-06-11 00:00:00-04:00,1.7488580854810032,1.5232079418726365
2021-06-14 00:00:00-04:00,1.7527738164035778,1.518239156608708
2021-06-15 00:00:00-04:00,1.7495589408773196,1.5105316989294157
2021-06-16 00:00:00-04:00,1.739790173214191,1.499271659408047
2021-06-17 00:00:00-04:00,1.739213197827393,1.471717917431737
2021-06-18 00:00:00-04:00,1.7157509244967308,1.443915476297016
2021-06-21 00:00:00-04:00,1.7403133671848439,1.4675507665913463
2021-06-22 00:00:00-04:00,1.7496171605656707,1.4619475843668719
2021-06-23 00:00:00-04:00,1.7475084591180834,1.4611238012056627
2021-06-24 00:00:00-04:00,1.7578461088481048,1.4669161645730522
2021-06-25 00:00:00-04:00,1.7640904967673061,1.4796651973752855
2021-06-28 00:00:00-04:00,1.7676464665663478,1.4653444926921357
2021-06-29 00:00:00-04:00,1.7685976927300577,1.4602604482900006
2021-06-30 00:00:00-04:00,1.7700863414429637,1.4621522800861853
2021-07-01 00:00:00-04:00,1.779886438086371,1.4702029072057137
2021-07-02 00:00:00-04:00,1.7934910477723638,1.4730669688018285
2021-07-02 00:00:00-04:00,1.7934910477723638,1.4730669688018285
2021-07-06 00:00:00-04:00,1.7902242183538102,1.4613214678249176
2021-07-07 00:00:00-04:00,1.7965512364584963,1.468301872906759
2021-07-08 00:00:00-04:00,1.7819127704233089,1.4517658424131157
2021-07-09 00:00:00-04:00,1.800934291336894,1.4734946673288776
2021-07-12 00:00:00-04:00,1.8073849283762629,1.472932655579449
2021-07-13 00:00:00-04:00,1.8012238233296356,1.460996466620126
2021-07-14 00:00:00-04:00,1.803911458225288,1.4622755416136832
2021-07-15 00:00:00-04:00,1.7977503531786607,1.4587668545285455
2021-07-16 00:00:00-04:00,1.7836494402300873,1.4448091022785783
2021-07-19 00:00:00-04:00,1.7573088168363264,1.4200791181563872
2021-07-20 00:00:00-04:00,1.7824913122591206,1.4397606003913268
2021-07-21 00:00:00-04:00,1.796923268099305,1.4375871411843235
2021-07-22 00:00:00-04:00,1.8006861397056033,1.4384052906879234
2021-07-23 00:00:00-04:00,1.8192117489688615,1.451626077235044
2021-07-26 00:00:00-04:00,1.8236774340327437,1.4579348197841446
2021-07-27 00:00:00-04:00,1.8153658555648247,1.460940890510541
2021-07-28 00:00:00-04:00,1.8146215312083716,1.4597461779584526
2021-07-29 00:00:00-04:00,1.8221477965706399,1.466183122609905
2021-07-30 00:00:00-04:00,1.8132986650161067,1.4499707307505092
2021-08-02 00:00:00-04:00,1.809494151973521,1.4475550336901026
2021-08-03 00:00:00-04:00,1.8242151176567754,1.4565884996599394
2021-08-04 00:00:00-04:00,1.8152419755553062,1.434724333736265
2021-08-05 00:00:00-04:00,1.8267376227188763,1.4480581015966658
2021-08-06 00:00:00-04:00,1.8297561699687215,1.4461011552295344
2021-08-09 00:00:00-04:00,1.8282676517932335,1.4419556648685872
2021-08-10 00:00:00-04:00,1.8305418746866262,1.4431079045529709
2021-08-11 00:00:00-04:00,1.8350905815482468,1.459420252000583
2021-08-12 00:00:00-04:00,1.8405903840361595,1.4471929748382515
2021-08-13 00:00:00-04:00,1.843939843640198,1.4595037666535635
2021-08-16 00:00:00-04:00,1.8482816486945615,1.4592216145043482
2021-08-17 00:00:00-04:00,1.8361658182588927,1.4530956566417694
2021-08-18 00:00:00-04:00,1.816068930097244,1.4352426859960505
2021-08-19 00:00:00-04:00,1.8188807060772505,1.4293305069520008
2021-08-20 00:00:00-04:00,1.8333537812040506,1.437137531764167
2021-08-23 00:00:00-04:00,1.849480895952144,1.44712676478495
2021-08-24 00:00:00-04:00,1.8524169435539224,1.4438225726941818
2021-08-25 00:00:00-04:00,1.8563036951697391,1.4532706860835227
2021-08-26 00:00:00-04:00,1.8453458621676189,1.4402146808684846
2021-08-27 00:00:00-04:00,1.861845008556521,1.453299526068566
2021-08-30 00:00:00-04:00,1.8700325764775039,1.4495876331223652
2021-08-31 00:00:00-04:00,1.867262050321531,1.4600570391030039
2021-09-01 00:00:00-04:00,1.8682543957718565,1.4565137396218597
2021-09-02 00:00:00-04:00,1.8740023498910592,1.4590157229820189
2021-09-03 00:00:00-04:00,1.8735472964525122,1.4578316109105975
2021-09-07 00:00:00-04:00,1.8668483772444355,1.4390564614020078
2021-09-08 00:00:00-04:00,1.8645741543510428,1.443087906565729
2021-09-09 00:00:00-04:00,1.856593227162481,1.4349706195462635
2021-09-10 00:00:00-04:00,1.8419550222021293,1.4248078519762246
2021-09-13 00:00:00-04:00,1.8466688588973015,1.432742478263892
2021-09-14 00:00:00-04:00,1.8367035018829243,1.4263891757291856
2021-09-15 00:00:00-04:00,1.852044650838278,1.4351094638618738
2021-09-16 00:00:00-04:00,1.8491088643113354,1.4283008881472508
2021-09-17 00:00:00-04:00,1.8310965281749756,1.417583402163173
2021-09-20 00:00:00-04:00,1.8005644788321884,1.400321511841039
2021-09-21 00:00:00-04:00,1.7988635762778946,1.3969170698664053
2021-09-22 00:00:00-04:00,1.81641106866937,1.4073444060780929
2021-09-23 00:00:00-04:00,1.8384807688266473,1.4182322584350047
2021-09-24 00:00:00-04:00,1.8415091063828302,1.4203965891140586
2021-09-27 00:00:00-04:00,1.8362404856618904,1.4326826754802389
2021-09-28 00:00:00-04:00,1.7992369132928816,1.4160368738604352
2021-09-29 00:00:00-04:00,1.802265250849064,1.415639839119155
2021-09-30 00:00:00-04:00,1.7802374532029093,1.399359809570145
2021-10-01 00:00:00-04:00,1.8013939135850647,1.4042597850705596
2021-10-04 00:00:00-04:00,1.8013939135850647,1.4042597850705598
2021-10-05 00:00:00-04:00,1.8201374826731371,1.4046136339141084
2021-10-06 00:00:00-04:00,1.8277019045236675,1.4059299382125419
2021-10-07 00:00:00-04:00,1.84350399644838,1.4144525480674517
2021-10-08 00:00:00-04:00,1.8401415903720597,1.4041943032243398
2021-10-11 00:00:00-04:00,1.8268195803932024,1.3961480841036553
2021-10-12 00:00:00-04:00,1.822322795361377,1.396329214752341
2021-10-13 00:00:00-04:00,1.8288788656689223,1.4022941082411655
2021-10-14 00:00:00-04:00,1.8596417206637277,1.425871733263445
2021-10-15 00:00:00-04:00,1.8738043982830779,1.422040488974984
2021-10-18 00:00:00-04:00,1.8793517203191619,1.4188127868889338
2021-10-19 00:00:00-04:00,1.8938506914432742,1.4240492130484064
2021-10-20 00:00:00-04:00,1.9012892181241101,1.4319839352013672
2021-10-21 00:00:00-04:00,1.9062484563160431,1.429859780005281
2021-10-22 00:00:00-04:00,1.904273012991569,1.436106352791211
2021-10-25 00:00:00-04:00,1.9144854651760979,1.434546534725746
2021-10-26 00:00:00-04:00,1.9162083247042305,1.4305744489813033
2021-10-27 00:00:00-04:00,1.90771912877631,1.4136851445586491
2021-10-28 00:00:00-04:00,1.926126668845271,1.4183149604299168
2021-10-29 00:00:00-04:00,1.9300348410616437,1.3903051615961386
2021-11-01 00:00:00-04:00,1.9333550616766901,1.4122788109642874
2021-11-02 00:00:00-04:00,1.9411718028379115,1.4182939306381388
2021-11-03 00:00:00-04:00,1.9530230081136757,1.4384311592483505
2021-11-04 00:00:00-04:00,1.9622267120267438,1.4233531751795199
2021-11-05 00:00:00-04:00,1.9690347049165038,1.4533219034484532
2021-11-08 00:00:00-05:00,1.9707160401974895,1.4513681325222765
2021-11-09 00:00:00-05:00,1.964202023108392,1.4511280271299078
2021-11-10 00:00:00-05:00,1.9484000634265053,1.4561219253169726
2021-11-11 00:00:00-05:00,1.9490304649747558,1.4689945941533802
2021-11-12 00:00:00-05:00,1.963739569948285,1.4733193650739231
2021-11-15 00:00:00-05:00,1.9644120247149839,1.478963249211244
2021-11-16 00:00:00-05:00,1.9721867126577568,1.469811749173981
2021-11-17 00:00:00-05:00,1.9673960840680935,1.4659357587835207
2021-11-18 00:00:00-05:00,1.9740780495453334,1.4579455544723081
2021-11-19 00:00:00-05:00,1.9705478273236954,1.446887798101566
2021-11-22 00:00:00-05:00,1.965000373044786,1.4589751870393481
2021-11-23 00:00:00-05:00,1.9676060856746849,1.4806059201224329
2021-11-24 00:00:00-05:00,1.9728592996672807,1.4787365256224396
2021-11-26 00:00:00-05:00,1.92885840888769,1.4350932934809093
2021-11-29 00:00:00-05:00,1.9525186339779455,1.4474855980496244
2021-11-30 00:00:00-05:00,1.9145272539088958,1.4186253764715098
2021-12-01 00:00:00-05:00,1.8932622108706467,1.4025973031531618
2021-12-02 00:00:00-05:00,1.9222600208760454,1.433641113784879
2021-12-03 00:00:00-05:00,1.9055340805737209,1.4334301626959662
2021-12-06 00:00:00-05:00,1.928101715441269,1.4558202636796085
2021-12-07 00:00:00-05:00,1.9679844323978957,1.4742590029909275
2021-12-08 00:00:00-05:00,1.9731953286863924,1.4775674201503253
2021-12-09 00:00:00-05:00,1.9598734509503606,1.4657986682455382
2021-12-10 00:00:00-05:00,1.9783225152664683,1.4734014652933893
2021-12-13 00:00:00-05:00,1.9607978282992744,1.4665965996985766
2021-12-14 00:00:00-05:00,1.9473073409609725,1.4619033468019198
2021-12-15 00:00:00-05:00,1.9777341669366661,1.4628314385891603
2021-12-16 00:00:00-05:00,1.960293718649194,1.4761391665275534
2021-12-17 00:00:00-05:00,1.9394301648285845,1.4613792635129246
2021-12-20 00:00:00-05:00,1.9188076896785147,1.4503558485491097
2021-12-21 00:00:00-05:00,1.9528836241757996,1.480305919471154
2021-12-22 00:00:00-05:00,1.9724100707897045,1.4938736416417346
2021-12-23 00:00:00-05:00,1.9846823372212545,1.505922861972505
2021-12-27 00:00:00-05:00,2.012770052102873,1.5213127922268173
2021-12-28 00:00:00-05:00,2.0111252158416733,1.5280394152731371
2021-12-29 00:00:00-05:00,2.0136977355224195,1.539956741921534
2021-12-30 00:00:00-05:00,2.008130973791015,1.537923773991797
2021-12-31 00:00:00-05:00,2.003070173109244,1.5412349315412295
2022-01-03 00:00:00-05:00,2.003070173109244,1.54123493154123
2022-01-04 00:00:00-05:00,2.0023993541848326,1.5521938473194636
2022-01-05 00:00:00-05:00,1.9639488864751549,1.5417813492837094
2022-01-06 00:00:00-05:00,1.9621040686922442,1.535613951560169
2022-01-07 00:00:00-05:00,1.9543467880726186,1.538502610851978
2022-01-10 00:00:00-05:00,1.9519149051196771,1.5345405190162165
2022-01-11 00:00:00-05:00,1.9696935788399863,1.5375027466669704
2022-01-12 00:00:00-05:00,1.9750185820619872,1.540193550499637
2022-01-13 00:00:00-05:00,1.9478055804110248,1.547599372254339
2022-01-14 00:00:00-05:00,1.9486023586709094,1.5494412921985583
2022-01-18 00:00:00-05:00,1.9140931822348783,1.5289218754538574
2022-01-19 00:00:00-05:00,1.8942182979869555,1.5198871812119465
2022-01-20 00:00:00-05:00,1.873253037153352,1.497394555462171
2022-01-21 00:00:00-05:00,1.8364798797178241,1.4793745973281816
2022-01-24 00:00:00-05:00,1.8442787085107373,1.4869111077566128
2022-01-25 00:00:00-05:00,1.8217619652568964,1.4808745181878216
2022-01-26 00:00:00-05:00,1.8171916661952485,1.4625441954280036
2022-01-27 00:00:00-05:00,1.808218444099152,1.4550495432304793
2022-01-28 00:00:00-05:00,1.8531261027529211,1.4650348014466823
2022-01-31 00:00:00-05:00,1.8865032229484227,1.4796075279811494
2022-02-01 00:00:00-05:00,1.8992499658462827,1.4916519720272774
2022-02-02 00:00:00-05:00,1.917699458491003,1.5010315313069635
2022-02-03 00:00:00-05:00,1.8726238978837897,1.491170954299384
2022-02-04 00:00:00-05:00,1.8814293495080028,1.4821996524402081
2022-02-07 00:00:00-05:00,1.8753913217804978,1.4950323288994924
2022-02-08 00:00:00-05:00,1.8908219977838072,1.5065534248081716
2022-02-09 00:00:00-05:00,1.9184961052693266,1.5266143904641225
2022-02-10 00:00:00-05:00,1.8840291344143885,1.505258365957035
2022-02-11 00:00:00-05:00,1.8468784934171232,1.5047745590328176
2022-02-14 00:00:00-05:00,1.840840202726496,1.4967753719527064
2022-02-15 00:00:00-05:00,1.8705274243930539,1.5131689231763885
2022-02-16 00:00:00-05:00,1.8726238978837897,1.5169780788372524
2022-02-17 00:00:00-05:00,1.8326220792354355,1.5070301257162568
2022-02-18 00:00:00-05:00,1.8207557368702798,1.5005231050079526
2022-02-22 00:00:00-05:00,1.8012157361583183,1.4900006429777743
2022-02-23 00:00:00-05:00,1.7692647964553856,1.486886600960407
2022-02-24 00:00:00-05:00,1.7958907329363172,1.4727472953957534
2022-02-25 00:00:00-05:00,1.8355153309860561,1.5182561035712367
2022-02-28 00:00:00-05:00,1.8308190725889346,1.4983711692872348
2022-03-01 00:00:00-05:00,1.8029352520135609,1.47618065531306
2022-03-02 00:00:00-05:00,1.8361023961560867,1.5090589853873284
2022-03-03 00:00:00-05:00,1.8269614035881072,1.5122025174518428
2022-03-04 00:00:00-05:00,1.8121180557179501,1.5088494485542023
2022-03-07 00:00:00-05:00,1.758698412284203,1.4746884224599737
2022-03-08 00:00:00-05:00,1.745364341253191,1.4613559384495685
2022-03-09 00:00:00-05:00,1.7921587603078415,1.488026197193216
2022-03-10 00:00:00-05:00,1.7840663331891324,1.4776007040374262
2022-03-11 00:00:00-05:00,1.7613818194634083,1.4629485860919038
2022-03-14 00:00:00-04:00,1.7485092487116363,1.4513003660285788
2022-03-15 00:00:00-04:00,1.786959584939753,1.4708821017393852
2022-03-16 00:00:00-04:00,1.8265840515079308,1.5043360510094803
2022-03-17 00:00:00-04:00,1.849436204223977,1.5168309338356227
2022-03-18 00:00:00-04:00,1.8696927794435905,1.5282318195557847
2022-03-21 00:00:00-04:00,1.8691459476312375,1.5259263809819055
2022-03-22 00:00:00-04:00,1.8910176423466303,1.5339449935416059
2022-03-23 00:00:00-04:00,1.866664364648224,1.5211240555151462
2022-03-24 00:00:00-04:00,1.8948031279704483,1.5363265700839
2022-03-25 00:00:00-04:00,1.9040565372731146,1.5484834066260311
2022-03-28 00:00:00-04:00,1.917600058430859,1.5453377896221845
2022-03-29 00:00:00-04:00,1.9413226190809705,1.5679532552551467
2022-03-30 00:00:00-04:00,1.9293350507165385,1.5603703387973484
2022-03-31 00:00:00-04:00,1.8996402031194406,1.548087908200988
2022-04-01 00:00:00-04:00,1.9050239785992251,1.5544616218655962
2022-04-04 00:00:00-04:00,1.9050239785992251,1.5544616218655962
2022-04-05 00:00:00-04:00,1.8809609860323329,1.5427028205728959
2022-04-06 00:00:00-04:00,1.862152737180355,1.5452162074950324
2022-04-07 00:00:00-04:00,1.871536003240898,1.544525845081366
2022-04-08 00:00:00-04:00,1.8665315599113328,1.5525466385115378
2022-04-11 00:00:00-04:00,1.8346281685029606,1.54398296257379
2022-04-12 00:00:00-04:00,1.8278306879337671,1.5372612784655617
2022-04-13 00:00:00-04:00,1.8487659686020728,1.5480202779649093
2022-04-14 00:00:00-04:00,1.8257453728483308,1.5501392721202925
2022-04-18 00:00:00-04:00,1.8264962740043769,1.546884928060375
2022-04-19 00:00:00-04:00,1.8559806164801809,1.5603008109219525
2022-04-20 00:00:00-04:00,1.8546043554551153,1.5754897104807661
2022-04-21 00:00:00-04:00,1.8268713334880478,1.5577179673288208
2022-04-22 00:00:00-04:00,1.7767435970953942,1.522805772219931
2022-04-25 00:00:00-04:00,1.787044370505981,1.5163526397935614
2022-04-26 00:00:00-04:00,1.735290203067697,1.4829886954333833
2022-04-27 00:00:00-04:00,1.7401694962045882,1.4836613880715908
2022-04-28 00:00:00-04:00,1.784125242261852,1.50271202853739
2022-04-29 00:00:00-04:00,1.7181915579935643,1.460509395987233
2022-05-02 00:00:00-04:00,1.7285340481350429,1.4601932813225174
2022-05-03 00:00:00-04:00,1.7364578804383055,1.458632729469272
2022-05-04 00:00:00-04:00,1.7893380085163066,1.4938558393425982
2022-05-05 00:00:00-04:00,1.725739939718804,1.4473734584516948
2022-05-06 00:00:00-04:00,1.715439166308217,1.4442226210564313
2022-05-09 00:00:00-04:00,1.6605155702404548,1.4129126605708073
2022-05-10 00:00:00-04:00,1.6643522058346278,1.4050854488096216
2022-05-11 00:00:00-04:00,1.6379121417956273,1.39660981251612
2022-05-12 00:00:00-04:00,1.636202016558646,1.392079068137429
2022-05-13 00:00:00-04:00,1.6753201862099099,1.4156579741687798
2022-05-16 00:00:00-04:00,1.6685225752759325,1.3994869933159315
2022-05-17 00:00:00-04:00,1.7028447548873042,1.4203858961653886
2022-05-18 00:00:00-04:00,1.6342003956645605,1.3820030788366906
2022-05-19 00:00:00-04:00,1.6241913786406454,1.3812139339539886
2022-05-20 00:00:00-04:00,1.6249005630658002,1.3902092918521585
2022-05-23 00:00:00-04:00,1.6553025432564321,1.4091426570466177
2022-05-24 00:00:00-04:00,1.64266615437506,1.4141940216887456
2022-05-25 00:00:00-04:00,1.6571792746874112,1.4265384256637212
2022-05-26 00:00:00-04:00,1.6902917994677151,1.4397007634442616
2022-05-27 00:00:00-04:00,1.7317870405910876,1.466500600922718
2022-05-31 00:00:00-04:00,1.7220700406834126,1.4616348874094782
2022-06-01 00:00:00-04:00,1.7081410849683258,1.4441634267415981
2022-06-02 00:00:00-04:00,1.7406699666105017,1.4657455846489382
2022-06-03 00:00:00-04:00,1.7121028707551733,1.452206854975678
2022-06-06 00:00:00-04:00,1.717315897739196,1.451124718877782
2022-06-07 00:00:00-04:00,1.7337887918499568,1.461984823550243
2022-06-08 00:00:00-04:00,1.7149389566318716,1.4422114905971146
2022-06-09 00:00:00-04:00,1.6741525088393017,1.4047362699814652
2022-06-10 00:00:00-04:00,1.6256094867613868,1.3856117527625698
2022-06-13 00:00:00-04:00,1.563887758300511,1.3424300369760853
2022-06-14 00:00:00-04:00,1.5591754624519696,1.3239151980239663
2022-06-15 00:00:00-04:00,1.5814037010483422,1.3363786327087246
2022-06-16 00:00:00-04:00,1.5290653690127938,1.304104314036701
2022-06-17 00:00:00-04:00,1.5323616425771385,1.310986229534829
2022-06-21 00:00:00-04:00,1.5709365821733254,1.3358459973790138
2022-06-22 00:00:00-04:00,1.5680887634660639,1.3403606533350603
2022-06-23 00:00:00-04:00,1.5834600751517227,1.3453303282521547
2022-06-24 00:00:00-04:00,1.633804217085876,1.3893316515775618
2022-06-27 00:00:00-04:00,1.627563524509299,1.3813610827979148
2022-06-28 00:00:00-04:00,1.594307859196124,1.3644450688001815
2022-06-29 00:00:00-04:00,1.5930095563119115,1.361550970521289
2022-06-30 00:00:00-04:00,1.5800674620119755,1.3517471176760896
2022-07-01 00:00:00-04:00,1.596778923677522,1.3726716609621974
2022-07-05 00:00:00-04:00,1.596778923677522,1.3726716609621972
2022-07-06 00:00:00-04:00,1.6021717067263463,1.3732440669481272
2022-07-07 00:00:00-04:00,1.6261676069784627,1.3933437843844094
2022-07-08 00:00:00-04:00,1.6248298532681247,1.3918084904949453
2022-07-11 00:00:00-04:00,1.6062685042723048,1.3845522776601695
2022-07-12 00:00:00-04:00,1.5920549524243535,1.3635507765588981
2022-07-13 00:00:00-04:00,1.583693764026444,1.3670216154343877
2022-07-14 00:00:00-04:00,1.5798478359633699,1.3579618481468223
2022-07-15 00:00:00-04:00,1.6100310260394615,1.3735169128728368
2022-07-18 00:00:00-04:00,1.5967370253510238,1.3621204656037107
2022-07-19 00:00:00-04:00,1.6398794198606457,1.388604780720415
2022-07-20 00:00:00-04:00,1.650330710179493,1.389887663200601
2022-07-21 00:00:00-04:00,1.6671363631522031,1.3999673179001415
2022-07-22 00:00:00-04:00,1.6516684638898314,1.396297093230984
2022-07-25 00:00:00-04:00,1.6536754197529042,1.393540151550383
2022-07-26 00:00:00-04:00,1.6341104627065215,1.3918627212421555
2022-07-27 00:00:00-04:00,1.6765425374510685,1.3899938504836855
2022-07-28 00:00:00-04:00,1.6975702925921523,1.4145611645276444
2022-07-29 00:00:00-04:00,1.7223188012929211,1.4060941349292633
2022-08-01 00:00:00-04:00,1.7172185258154264,1.399026895829078
2022-08-02 00:00:00-04:00,1.7058894525445372,1.3948683873786591
2022-08-03 00:00:00-04:00,1.7326028886628544,1.399917000162461
2022-08-04 00:00:00-04:00,1.7314323379014303,1.4036326545277984
2022-08-05 00:00:00-04:00,1.7285058308788435,1.4045863985343756
2022-08-08 00:00:00-04:00,1.7264992653728495,1.4059472995247375
2022-08-09 00:00:00-04:00,1.7196432938722448,1.4141552367301284
2022-08-10 00:00:00-04:00,1.755762774170401,1.4185170413134116
2022-08-11 00:00:00-04:00,1.755762774170401,1.4173886110986527
2022-08-12 00:00:00-04:00,1.7854861236072224,1.4399659026061462
2022-08-15 00:00:00-04:00,1.7928435738355424,1.4455962481005524
2022-08-16 00:00:00-04:00,1.796355226119815,1.4494194220117036
2022-08-17 00:00:00-04:00,1.7836047326046178,1.4498061056637408
2022-08-18 00:00:00-04:00,1.788788804735109,1.4568847521878854
2022-08-19 00:00:00-04:00,1.7647508760374682,1.4391280177887829
2022-08-22 00:00:00-04:00,1.728004352151128,1.4155813460194295
2022-08-23 00:00:00-04:00,1.7238237579521731,1.404997537468675
2022-08-24 00:00:00-04:00,1.7293419757424395,1.4151830934176632
2022-08-25 00:00:00-04:00,1.7537560785453807,1.427207995656157
2022-08-26 00:00:00-04:00,1.6943931763247342,1.3964618903309638
2022-08-29 00:00:00-04:00,1.6831895377952872,1.3882205143470965
2022-08-30 00:00:00-04:00,1.6647115950953848,1.3744791059461579
2022-08-31 00:00:00-04:00,1.6520447681141575,1.3685819847122134
2022-09-01 00:00:00-04:00,1.6572287101256225,1.3872393784409973
2022-09-02 00:00:00-04:00,1.6397542453572567,1.3649291651538038
2022-09-06 00:00:00-04:00,1.6335670856523077,1.3757033964212932
2022-09-07 00:00:00-04:00,1.6629142609838292,1.4046925596859308
2022-09-08 00:00:00-04:00,1.6737834936154485,1.4152430354815337
2022-09-09 00:00:00-04:00,1.699786089492585,1.4188379795002517
2022-09-12 00:00:00-04:00,1.7180546706790227,1.4234974296539318
2022-09-13 00:00:00-04:00,1.6433495641754992,1.3773267763335684
2022-09-14 00:00:00-04:00,1.649620130176365,1.380011556440817
2022-09-15 00:00:00-04:00,1.6308915782316313,1.371753630959414
2022-09-16 00:00:00-04:00,1.6184497270470362,1.37239389652544
2022-09-19 00:00:00-04:00,1.6310006179757481,1.3786853699039272
2022-09-20 00:00:00-04:00,1.6122789623394131,1.360520283440965
2022-09-21 00:00:00-04:00,1.5841547757369516,1.3318616549654763
2022-09-22 00:00:00-04:00,1.5708482836219801,1.33460438878224
2022-09-23 00:00:00-04:00,1.544528978034605,1.3142139347987305
2022-09-26 00:00:00-04:00,1.5292494911224488,1.2988606927256665
2022-09-27 00:00:00-04:00,1.5253456600926303,1.286918089766545
2022-09-28 00:00:00-04:00,1.5553589147202536,1.3218184710049226
2022-09-29 00:00:00-04:00,1.5228691046633078,1.302090696461807
2022-09-30 00:00:00-04:00,1.4993200331478223,1.2835113206653317
2022-10-03 00:00:00-04:00,1.4993200331478223,1.283511320665332
2022-10-04 00:00:00-04:00,1.5457788297421817,1.3109158712467308
2022-10-05 00:00:00-04:00,1.5421800240454204,1.3057120647978913
2022-10-06 00:00:00-04:00,1.5262710158974813,1.2829610501208815
2022-10-07 00:00:00-04:00,1.4836975298919037,1.2477792199852769
2022-10-10 00:00:00-04:00,1.4723690503981632,1.2466286197084866
2022-10-11 00:00:00-04:00,1.4630444571115775,1.2441241225022492
2022-10-12 00:00:00-04:00,1.4582186244900959,1.2429061092737397
2022-10-13 00:00:00-04:00,1.4967025700922694,1.270086915912983
2022-10-14 00:00:00-04:00,1.4625945430134444,1.2492067723919031
2022-10-17 00:00:00-04:00,1.5001790407355795,1.2725472002702227
2022-10-18 00:00:00-04:00,1.5178053034265768,1.278501928534736
2022-10-19 00:00:00-04:00,1.5070495801727253,1.2750329615613625
2022-10-20 00:00:00-04:00,1.494412432537246,1.260777735067667
2022-10-21 00:00:00-04:00,1.530728829182,1.2837684588075886
2022-10-24 00:00:00-04:00,1.5494595302001137,1.2943866409963687
2022-10-25 00:00:00-04:00,1.57420227015592,1.3179130873475675
2022-10-26 00:00:00-04:00,1.5623419818028759,1.3130374964648612
2022-10-27 00:00:00-04:00,1.553999111473727,1.3167825329995115
2022-10-28 00:00:00-04:00,1.5909697788033121,1.3475920396527157
2022-10-31 00:00:00-04:00,1.5794777633313828,1.3377772124853156
2022-11-01 00:00:00-04:00,1.572566276513652,1.330073082986959
2022-11-02 00:00:00-04:00,1.5331008614981938,1.3151639329703513
2022-11-03 00:00:00-04:00,1.5173146954920105,1.3134535867976311
2022-11-04 00:00:00-04:00,1.5391535942723196,1.3247773908280829
2022-11-07 00:00:00-05:00,1.5538763961040474,1.325296503957026
2022-11-08 00:00:00-05:00,1.5622603405858575,1.34372146081589
2022-11-09 00:00:00-05:00,1.530074685269245,1.3290722918606577
2022-11-10 00:00:00-05:00,1.6141582931059448,1.3701949067398995
2022-11-11 00:00:00-05:00,1.6297811766780914,1.3630970887694822
2022-11-14 00:00:00-05:00,1.6159170021178926,1.3649230299045
2022-11-15 00:00:00-05:00,1.6296991551448448,1.3654731704642618
2022-11-16 00:00:00-05:00,1.617266617640216,1.372233237601108
2022-11-17 00:00:00-05:00,1.6123180696490549,1.3659507520768654
2022-11-18 00:00:00-05:00,1.6196385231843335,1.368351094541651
2022-11-21 00:00:00-05:00,1.6137494531604728,1.3761804739211432
2022-11-22 00:00:00-05:00,1.6354656365711022,1.3783772916473174
2022-11-23 00:00:00-05:00,1.645771826043049,1.386723220165257
2022-11-25 00:00:00-05:00,1.6454036799340102,1.3862843427670104
2022-11-28 00:00:00-05:00,1.6191479152497674,1.3723275814045182
2022-11-29 00:00:00-05:00,1.6163667894439497,1.3745876842951834
2022-11-30 00:00:00-05:00,1.667283399322828,1.4059457051212352
2022-12-01 00:00:00-05:00,1.6660566259422602,1.4136630139939717
2022-12-02 00:00:00-05:00,1.6641343809521238,1.4140562486451718
2022-12-05 00:00:00-05:00,1.634197915809949,1.412218619979441
2022-12-06 00:00:00-05:00,1.6106412553982776,1.4030670489970603
2022-12-07 00:00:00-05:00,1.607901203745121,1.3961608991196088
2022-12-08 00:00:00-05:00,1.6204974040000149,1.407591918506908
2022-12-09 00:00:00-05:00,1.6083919384517635,1.4005587339204086
2022-12-12 00:00:00-05:00,1.6315805795264722,1.4193355190828871
2022-12-13 00:00:00-05:00,1.6439313490420067,1.4109035706511162
2022-12-14 00:00:00-05:00,1.6334208029833623,1.4039597136054758
2022-12-15 00:00:00-05:00,1.5934645264891854,1.3744119722441848
2022-12-16 00:00:00-05:00,1.5746519307099012,1.3617771414397892
2022-12-19 00:00:00-05:00,1.5612994082489036,1.3551345259990872
2022-12-20 00:00:00-05:00,1.5634357712755989,1.3550094331452232
2022-12-21 00:00:00-05:00,1.586813175971643,1.3761420821680943
2022-12-22 00:00:00-05:00,1.5641754863397317,1.3678845061324023
2022-12-23 00:00:00-05:00,1.5731728808978638,1.3739533615110917
2022-12-27 00:00:00-05:00,1.5669690358090085,1.3672804584770664
2022-12-28 00:00:00-05:00,1.5474949433365548,1.3581156192661745
2022-12-29 00:00:00-05:00,1.5753504448492965,1.372643432492969
2022-12-30 00:00:00-05:00,1.57120094125389,1.3672766120457238
